iteration,train_logloss,val_logloss
1,0.6480348974521424,0.6479000884007714
2,0.6072206280657836,0.606920017345146
3,0.570105746788776,0.5696079696702309
4,0.5362326305243086,0.5355206625724394
5,0.5052189093683451,0.5042657028497497
6,0.47672477611363523,0.4755431424357375
7,0.45048510452450186,0.44904884008096446
8,0.42625697678099467,0.42458667616524826
9,0.4038296607495639,0.40191484498160723
10,0.3830369478653147,0.3808785926025002
11,0.3637288694168404,0.3613235974413834
12,0.3457726113345375,0.34313050442690424
13,0.32905009852066347,0.32616629393757074
14,0.31345533879710674,0.310332607694293
15,0.2988918329363267,0.29551704802713546
16,0.28527643769627015,0.2816629950270882
17,0.27253418337562363,0.26868370949693693
18,0.2606014459140589,0.25651604412464235
19,0.2494183986434112,0.24510457502933983
20,0.23892251672358722,0.23437498544023253
21,0.2290739321306677,0.22429759117323278
22,0.21982032007949862,0.2148133314335536
23,0.2111145695177305,0.20588623670512513
24,0.20292930354800912,0.19748378816405562
25,0.19522422077722418,0.18956852813034708
26,0.18797955876526842,0.18210971072921334
27,0.18115486143370965,0.17507308302194755
28,0.17472158155290723,0.16843217973271535
29,0.16865633906184294,0.16215907469126836
30,0.16294385633169525,0.15624263095593535
31,0.15755719988721564,0.1506549364793991
32,0.15246343423504927,0.14537295160977462
33,0.14765691052427887,0.14038156580351174
34,0.1431220423309783,0.13566666946660144
35,0.13884149732102113,0.1312058905736644
36,0.13479467246994217,0.12698244791629662
37,0.13097540576632538,0.12299239051838082
38,0.12736549629071123,0.1192056102891187
39,0.12395019877676332,0.11562147473813432
40,0.12072680981113072,0.11222933760581152
41,0.11768259569302648,0.10902397516877536
42,0.11480359551527722,0.10598856676485703
43,0.11207865539839831,0.10310932093119785
44,0.10950673785614201,0.10038092535904584
45,0.10706982565580116,0.09780052490519152
46,0.10476663135206869,0.09535124744082714
47,0.1025895089799178,0.09302913866847053
48,0.10053069006869265,0.09083114323082205
49,0.09857732869209508,0.08875070746890537
50,0.09673614356550138,0.0867778050642688
51,0.09499474066251809,0.08490866108064413
52,0.09333823647941478,0.08313484981157912
53,0.091771414565864,0.08145358692091756
54,0.09029699414324875,0.07985673853040708
55,0.08889127611999205,0.07833889722780442
56,0.0875632052549486,0.07689955881648222
57,0.08630849259097702,0.07553586431547687
58,0.0851217404713689,0.0742431026386375
59,0.08399872523138185,0.0730171827457935
60,0.08293686043231059,0.07185287828398941
61,0.08193302393223151,0.07075004079128129
62,0.08098099245247771,0.0697024103792785
63,0.08007883994509137,0.06870630441065693
64,0.07922545345778234,0.06775998102748007
65,0.078413746220812,0.06686302860715383
66,0.07765165297664167,0.06601036550476735
67,0.07692597684127897,0.06520850394613012
68,0.07623971039197251,0.06444399732216329
69,0.07559430619799394,0.06371996101979673
70,0.07498458342877351,0.06303083034718382
71,0.07440730877693134,0.06237438232383076
72,0.07385810177924329,0.06175366616533824
73,0.07334348728935088,0.06116521333511915
74,0.0728570495826678,0.06060763993827923
75,0.07239497881028902,0.060078925570906376
76,0.07194828119063473,0.059576822261302766
77,0.07152589387208148,0.059100827344633795
78,0.07113620404277017,0.05865032865070814
79,0.07076818620219053,0.058218643885166545
80,0.07042160013335859,0.05781177098914227
81,0.07009432399276808,0.05742702138155012
82,0.06977325762298113,0.05706147994061972
83,0.06947476878638209,0.05671567101818167
84,0.06918515780180134,0.05638773063670372
85,0.06891277816585234,0.056077921973358105
86,0.06866414632890204,0.055781216450726805
87,0.06841982298420328,0.05550168456457772
88,0.06819001458442187,0.0552388959517406
89,0.0679731707957479,0.05499040852121469
90,0.06777016883903256,0.054753975191802064
91,0.06758333414269752,0.054525138950426676
92,0.06740630651568122,0.05431001343516622
93,0.06723991927435646,0.05410627043068011
94,0.06707502509630331,0.053916023835993296
95,0.06691811863368892,0.053733775763790285
96,0.06677818837278708,0.053560648870079976
97,0.06664393014999624,0.05339764134192433
98,0.06651075532912205,0.05324555276022233
99,0.06639243151790299,0.05309947625091122
100,0.06627411202578558,0.0529632864064672
